1000chan	151	9490	ç¬¬73å›	11839
1000chan	151	9588	ç¬¬74å›	11964
7-taizai	192	6157	ç¬¬5å›ï¼ˆæœ€çµ‚å›ï¼‰	7958
Afterglow	251	9516	ç¬¬44å›	11879
Afterglow	251	9538	ç¬¬45å›	11906
Roselia	182	9501	ç¬¬140å›	11865
Roselia	182	9502	ç¬¬141å›	11916
Roselia	182	9578	ç¬¬142å›	11952
Septet	208	9492	ç¬¬3å›	11853
Septet	208	9587	ç¬¬4å›	11963
aaside	267	9455	ç¬¬4å›	11795
aaside	267	9557	ç¬¬5å›		11925
alterna	138	9495	ç¬¬177å›	11858
alterna	138	9524	ç¬¬178å›	11886
alterna	138	9568	ç¬¬179å›	11942
animania	24	9402	ç¬¬434å›	11737
animania	24	9458	ç¬¬435å›	11801
animania	24	9459	ç¬¬436å›	11802
aniradiaward5	234	6925	ç‰¹ç•ª	8875
aniradiaward6	265	8649	ç‰¹ç•ª	10903
argonavis	241	9475	ç¬¬35å›	11825
argonavis	241	9575	ç¬¬36å›	11947
asapuradio	248	8686	1æœˆ25æ—¥é–‹å‚¬å…¬é–‹éŒ²éŸ³ï¼	10945
assaultlily	274	9494	ç¬¬9å›	11855
assaultlily	274	9533	ç¬¬10å›	11898
assaultlily	274	9561	ç¬¬11å›	11930
chomipa	210	9448	ç¬¬45å›	11793
chomipa	210	9555	4ã‚³ãƒã‚¢ãƒ•ãƒ¬ã‚³ç¬¬1å›	11923
chomipa	210	9583	4ã‚³ãƒã‚¢ãƒ•ãƒ¬ã‚³#3	11958
chomipa2	276	9554	4ã‚³ãƒã‚¢ãƒ•ãƒ¬ã‚³ç¬¬1å›	11923
ff	42	9519	ç¬¬296å›	11883
ff	42	9558	ç¬¬297å›	11927
ff	42	9584	ç¬¬298å›	11960
gfonpu	68	9436	ç¬¬190å›	11779
gfonpu	68	9530	ç¬¬191å›	11919
hanamaru	194	5116	ç¬¬6å›ï¼ˆæœ€çµ‚å›ï¼‰	6712
hanaso	215	8433	ç¬¬38å›(æœ€çµ‚å›)	10656
hi-chan	232	7358	ç¬¬8å›(æœ€çµ‚å›)	9396
idolmaster	53	9534	ãƒ‹ã‚³ãƒ‹ã‚³å‹•ç”»éŸ¿ãƒ©ã‚¸ã‚ªãƒãƒ£ãƒ³ãƒãƒ«ã«ã¦é…ä¿¡ä¸­ï¼	11895
imas_cg	14	9506	â˜†ç¬¬217å›â˜†	11872
imas_cg	14	9546	â˜†ç¬¬218å›â˜†	11911
imas_cg	14	9574	â˜†ç¬¬219å›â˜†	11945
joshikin	201	9531	ç¬¬110å›ã“ã¼ã‚Œæƒ…å ±ï¼†ç¬¬110å›ãƒ‡ã‚£ãƒ¬ã‚¤é…ä¿¡	11893
joshikin	201	9562	ç¬¬111å›æƒ…å ±ï¼†ç¬¬110å›ã“ã¼ã‚Œãƒ‡ã‚£ãƒ¬ã‚¤é…ä¿¡	11935
joshikin	201	9593	ç¬¬111å›ã“ã¼ã‚Œæƒ…å ±ï¼†ç¬¬111å›ãƒ‡ã‚£ãƒ¬ã‚¤é…ä¿¡	11967
kadoradi	129	9471	ç¬¬94å›	11824
katsugeki	162	4659	ãƒ©ã‚¸ã‚ªCD å¥½è©•ç™ºå£²ä¸­ï¼	6179
kawaii	202	9508	ã€éå»ã‚¢ãƒ¼ã‚«ã‚¤ãƒ–ã€‘â™¡58kawaiiâ™¡	11874
kawaii	202	9540	â™¡111kawaiiâ™¡	11907
kawaii	202	9541	ã€éå»ã‚¢ãƒ¼ã‚«ã‚¤ãƒ–ã€‘â™¡59kawaiiâ™¡	11908
konosuba	111	9243	ç¬¬54å›ï¼ˆæœ€çµ‚å›ï¼‰	11829
kotoradio	253	8943	ç¬¬6å›	11361
kotoradio	253	9513	ç¬¬7å›ï¼ˆæœ€çµ‚å›ï¼‰	11959
llniji	212	9482	ç¬¬61å›	11846
llniji	212	9550	ç¬¬62å›	11920
llniji_archive	273	9383	è”µå‡ºã—é…ä¿¡ #46ï½50	11716
llss	98	9511	ç¬¬218å›!!	11876
llss	98	9547	ç¬¬219å›!!	11912
llss	98	9577	ç¬¬220å›!!	11951
loschool	163	9415	ç¬¬3å›	11754
lostdecade	246	9517	ç¬¬35å›	11880
lostdecade	246	9551	ç¬¬36å›	11915
lostdecade	246	9582	ç¬¬37å›	11957
lostsong	191	5643	ç¬¬28å›ï¼ˆæœ€çµ‚å›ï¼‰	7358
lovelive_ms	1	4951	ã€é™å®šå¾©æ´»ã€‘ç¬¬100å›	6672
lumichari	170	9355	ç¬¬147å›(æœ€çµ‚å›)	11679
mgs	200	5781	ç¬¬8å›ï¼ˆæœ€çµ‚å›ï¼‰	7517
minorhythm	207	8939	ç¬¬672å›(æœ€çµ‚å›)	11244
morfonica	269	9500	ç¬¬4å›ï¼ˆãƒ¢ãƒ‹ãƒ©ã‚¸ é€šç®—16å›ï¼‰æ¥½å±‹è£	11326
morfonica	269	9536	ç¬¬5å›ï¼ˆãƒ¢ãƒ‹ãƒ©ã‚¸ é€šç®—17å›ï¼‰æ¥½å±‹è£	11326
morfonica	269	9537	ç¬¬6å›ï¼ˆãƒ¢ãƒ‹ãƒ©ã‚¸ é€šç®—18å›ï¼‰æ¥½å±‹è£	11326
moriya_radio	56	9521	ç¬¬512å›	11885
moriya_radio	56	9560	ç¬¬513å›	11929
moriya_radio	56	9586	ç¬¬514å›	11962
navroad	39	3627	ç¬¬58å›ï¼ˆä¼‘æ­¢ä¸­ï¼‰	4841
nekoparadio	264	8983	æœ€çµ‚å›	11299
noratoto	160	5083	23åŒ¹ç›®ğŸˆï¼ˆä¼‘æ­¢ä¸­ï¼‰	6681
ooimachi	167	9466	ç¬¬75å›	11812
ooimachi	167	9467	ç¬¬76å›	11813
pkpk	266	9497	ç¬¬22å›	11862
pkpk	266	9527	ç¬¬23å›	11892
pkpk	266	9565	ç¬¬24å›	11939
poppin-radio	131	9462	ç¬¬194BanG!!!!!	11859
poppin-radio	131	9528	ç¬¬195BanG!!!!!	11900
poppin-radio	131	9529	ç¬¬196BanG!!!!!	11932
prichanradio	247	8145	â™¡ç¬¬7å›ï¼ˆæœ€çµ‚å›ï¼‰â™¡	10437
priconne_re	164	9488	ç¬¬151å›	11881
priconne_re	164	9553	ç¬¬152å›	11922
pure	193	9486	ç¬¬132å›	11850
pure	193	9523	ç¬¬133å›	11887
pure	193	9549	ç¬¬134å›	11918
rakuon	203	8628	ãƒ‹ã‚³ãƒ‹ã‚³å‹•ç”»ã«ã¦å…¬é–‹ä¸­ï¼	10879
rakuon	203	9532	CMå…¬é–‹ï¼è‰ã®æ ¹æ´»å‹•ä¸­ï¼	11896
ras	229	9512	ç¬¬79å›	11877
ras	229	9514	ç¬¬80å›	11904
ras	229	9515	ç¬¬81å›	11955
rebirth	252	9504	ç¬¬10å›	11870
rebirth	252	9545	ç¬¬11å›	11910
rebirth	252	9571	ç¬¬12å›	11944
revuestarlight	199	9499	ç¬¬117å›	11863
revuestarlight	199	9522	ç¬¬118å›	11888
revuestarlight	199	9563	ç¬¬119å›	11936
rf-vg	209	7833	ç¬¬69å›ï¼ˆæœ€çµ‚å›ï¼‰	9965
rgr	178	9341	ç¬¬25å›	11660
share	94	9491	ç¬¬99å›	11854
shiroben	188	9507	ç¬¬66å›	11873
shiroben	188	9572	ç¬¬67å›	11946
shumijin-radio	268	9503	ç¬¬14å›	11871
shumijin-radio	268	9535	ç¬¬15å›	11902
shumijin-radio	268	9570	ç¬¬16å›	11943
siegfeld	230	9498	ç¬¬74å›	11868
siegfeld	230	9526	ç¬¬75å›	11890
siegfeld	230	9564	ç¬¬76å›	11937
skdw	272	9510	ç¬¬7å›	11875
skdw	272	9576	ç¬¬8å›	11950
sora	130	9520	ç¬¬194å›	11884
sora	130	9559	ç¬¬195å›	11928
sora	130	9585	ç¬¬196å›	11961
ssp	245	8080	ç¬¬6å›	10257
stapa	89	7262	ç¬¬38å›ï¼ˆæœ€çµ‚å›ï¼‰	9280
symphogear	244	9525	ç¬¬88å›	11889
symphogear	244	9589	ç¬¬89å›	11966
tsunradi	236	9479	ç¬¬63å›	11834
tsunradi	236	9548	ç¬¬64å›	11913
workssezu	23	9006	ç¬¬260å›	11325
wts	239	9496	ç¬¬29å›	11857
wts	239	9552	ç¬¬30å›	11921
wug	100	6621	ç¬¬124å›(æœ€çµ‚å›)	8502
yayasuki	271	9469	ç¬¬6å›	11817
yayasuki	271	9518	ç¬¬7å›	11882
yuzuradi	204	8978	å˜ç‹¬ãƒãƒ£ãƒ³ãƒãƒ«é–‹è¨­ï¼ï¼	11284